{
  "elemental_reference_energies": {
    "Al": 0.0,
    "Cu": 0.0,
    "Mg": 0.0,
    "Zn": 0.0
  },
  "structures": [
    {
      "oqmd_id": "8100",
      "formula": "Al",
      "potential_energy": 0.0,
      "formation_energy": 0.0,
      "volume_peratom": 16.48256372178212,
      "lattice_a": 2.8565812883459136,
      "lattice_b": 2.8565812883459136,
      "lattice_c": 2.8565812883459136,
      "angle_alpha": 120.00000000000001,
      "angle_beta": 90.0,
      "angle_gamma": 120.00000000000001,
      "oqmd_formation_energy": 0.00078878,
      "oqmd_volume_peratom": 16.4826
    },
    {
      "oqmd_id": "635950",
      "formula": "Cu",
      "potential_energy": 0.0,
      "formation_energy": 0.0,
      "volume_peratom": 11.746268343583896,
      "lattice_a": 2.55155522193191,
      "lattice_b": 2.55155522193191,
      "lattice_c": 2.55155522193191,
      "angle_alpha": 120.00000000000001,
      "angle_beta": 90.0,
      "angle_gamma": 120.00000000000001,
      "oqmd_formation_energy": 0.0,
      "oqmd_volume_peratom": 11.7463
    },
    {
      "oqmd_id": "9226",
      "formula": "Mg",
      "potential_energy": 0.0,
      "formation_energy": 0.0,
      "volume_peratom": 22.849295071899974,
      "lattice_a": 3.18552,
      "lattice_b": 3.1854738892265306,
      "lattice_c": 5.200198,
      "angle_alpha": 90.0,
      "angle_beta": 90.0,
      "angle_gamma": 120.00047884108967,
      "oqmd_formation_energy": 0.00019360583333,
      "oqmd_volume_peratom": 22.8493
    },
    {
      "oqmd_id": "122929",
      "formula": "Zn",
      "potential_energy": 0.0,
      "formation_energy": 0.0,
      "volume_peratom": 15.176554555010485,
      "lattice_a": 2.640824,
      "lattice_b": 2.6408173567880455,
      "lattice_c": 5.025683,
      "angle_alpha": 90.0,
      "angle_beta": 90.0,
      "angle_gamma": 120.00008321505996,
      "oqmd_formation_energy": 0.0,
      "oqmd_volume_peratom": 15.1766
    }
  ]
}