{
  "structures": [
    {
      "oqmd_id": "8100",
      "formula": "Al",
      "elastic_tensor": [
        [
          108.0844792335543,
          70.66086674765427,
          70.6608667476545,
          -1.2495590016217159e-14,
          -6.334369692053696e-14,
          -1.6491772262273524e-13
        ],
        [
          70.66086674765427,
          108.08447923355541,
          70.66086674765481,
          -1.5540003489574255e-13,
          -2.1748580536577898e-13,
          -2.0223431551474345e-13
        ],
        [
          70.6608667476545,
          70.66086674765481,
          108.08447923355462,
          9.754627285969588e-14,
          -2.5457778851024874e-13,
          -1.7407073329253815e-13
        ],
        [
          -1.2495590016217159e-14,
          -1.5540003489574255e-13,
          9.754627285969588e-14,
          22.953807640810194,
          6.760793807519299e-15,
          -2.4201687941171284e-14
        ],
        [
          -6.334369692053696e-14,
          -2.1748580536577898e-13,
          -2.5457778851024874e-13,
          6.760793807519299e-15,
          22.953807640810613,
          4.563603675511905e-15
        ],
        [
          -1.6491772262273524e-13,
          -2.0223431551474345e-13,
          -1.7407073329253815e-13,
          -2.4201687941171284e-14,
          4.563603675511905e-15,
          22.953807640810258
        ]
      ],
      "k_voigt": 83.14,
      "g_voigt": 21.26,
      "C_11": 108.08,
      "C_21": 70.66,
      "C_22": 108.08,
      "C_31": 70.66,
      "C_32": 70.66,
      "C_33": 108.08,
      "C_41": -0.0,
      "C_42": -0.0,
      "C_43": 0.0,
      "C_44": 22.95,
      "C_51": -0.0,
      "C_52": -0.0,
      "C_53": -0.0,
      "C_54": 0.0,
      "C_55": 22.95,
      "C_61": -0.0,
      "C_62": -0.0,
      "C_63": -0.0,
      "C_64": -0.0,
      "C_65": 0.0,
      "C_66": 22.95
    },
    {
      "oqmd_id": "635950",
      "formula": "Cu",
      "elastic_tensor": [
        [
          170.71662371678255,
          131.83293829723775,
          131.83293829723812,
          3.6501026402620107e-13,
          -3.5887148469029164e-13,
          -9.85537999645259e-14
        ],
        [
          131.83293829723775,
          170.71662371678207,
          131.83293829723786,
          1.1335094122375249e-13,
          -4.116861290847362e-13,
          -2.282543765453249e-13
        ],
        [
          131.83293829723812,
          131.83293829723786,
          170.7166237167826,
          -1.3494608118133026e-13,
          -4.005552612512916e-13,
          -4.4411240889418016e-13
        ],
        [
          3.6501026402620107e-13,
          1.1335094122375249e-13,
          -1.3494608118133026e-13,
          70.1936276114769,
          -4.967704513618677e-14,
          -1.3451200720399587e-13
        ],
        [
          -3.5887148469029164e-13,
          -4.116861290847362e-13,
          -4.005552612512916e-13,
          -4.967704513618677e-14,
          70.19362761147765,
          -5.800707463402145e-14
        ],
        [
          -9.85537999645259e-14,
          -2.282543765453249e-13,
          -4.4411240889418016e-13,
          -1.3451200720399587e-13,
          -5.800707463402145e-14,
          70.19362761147718
        ]
      ],
      "k_voigt": 144.79,
      "g_voigt": 49.89,
      "C_11": 170.72,
      "C_21": 131.83,
      "C_22": 170.72,
      "C_31": 131.83,
      "C_32": 131.83,
      "C_33": 170.72,
      "C_41": 0.0,
      "C_42": 0.0,
      "C_43": -0.0,
      "C_44": 70.19,
      "C_51": -0.0,
      "C_52": -0.0,
      "C_53": -0.0,
      "C_54": -0.0,
      "C_55": 70.19,
      "C_61": -0.0,
      "C_62": -0.0,
      "C_63": -0.0,
      "C_64": -0.0,
      "C_65": -0.0,
      "C_66": 70.19
    },
    {
      "oqmd_id": "9226",
      "formula": "Mg",
      "elastic_tensor": [
        [
          58.07933506711856,
          26.190647214632186,
          22.677154423788423,
          1.6620417423075855e-05,
          7.60845034923347e-14,
          -5.358770101901135e-13
        ],
        [
          26.190647214632186,
          58.06921053508983,
          22.665835724096546,
          -1.6624708591367764e-05,
          3.1997267262619195e-13,
          -4.124623636782469e-13
        ],
        [
          22.677154423788423,
          22.665835724096546,
          58.25767341634889,
          1.6498826640478085e-08,
          1.5825443682627487e-13,
          -6.441987321118343e-13
        ],
        [
          1.6620417423075855e-05,
          -1.6624708591367764e-05,
          1.6498826640478085e-08,
          12.609277665194156,
          7.944169578310431e-14,
          5.78535701875758e-14
        ],
        [
          7.60845034923347e-14,
          3.1997267262619195e-13,
          1.5825443682627487e-13,
          7.944169578310431e-14,
          12.62379320538298,
          1.6619241987001517e-05
        ],
        [
          -5.358770101901135e-13,
          -4.124623636782469e-13,
          -6.441987321118343e-13,
          5.78535701875758e-14,
          1.6619241987001517e-05,
          15.942335996244926
        ]
      ],
      "k_voigt": 35.27,
      "g_voigt": 15.09,
      "C_11": 58.08,
      "C_21": 26.19,
      "C_22": 58.07,
      "C_31": 22.68,
      "C_32": 22.67,
      "C_33": 58.26,
      "C_41": 0.0,
      "C_42": -0.0,
      "C_43": 0.0,
      "C_44": 12.61,
      "C_51": 0.0,
      "C_52": 0.0,
      "C_53": 0.0,
      "C_54": 0.0,
      "C_55": 12.62,
      "C_61": -0.0,
      "C_62": -0.0,
      "C_63": -0.0,
      "C_64": 0.0,
      "C_65": 0.0,
      "C_66": 15.94
    },
    {
      "oqmd_id": "122929",
      "formula": "Zn",
      "elastic_tensor": [
        [
          149.71977522991475,
          89.39052662868416,
          55.91916773579622,
          -3.241884874457084e-05,
          1.3050379305034084e-10,
          -4.424724056134644e-05
        ],
        [
          89.39052662868416,
          149.6852145922099,
          55.91561854312984,
          3.239133305052173e-05,
          1.3225008097583875e-10,
          -1.5209064185853851e-05
        ],
        [
          55.91916773579622,
          55.91561854312984,
          45.99053548234876,
          -2.22812295278068e-08,
          2.589094076950852e-10,
          -1.6279745998396172e-05
        ],
        [
          -3.241884874457084e-05,
          3.239133305052173e-05,
          -2.22812295278068e-08,
          8.911950976245057,
          -4.9389284138425954e-05,
          -1.1050817105381028e-12
        ],
        [
          1.3050379305034084e-10,
          1.3225008097583875e-10,
          2.589094076950852e-10,
          -4.9389284138425954e-05,
          8.922703314852498,
          -3.2397782368573025e-05
        ],
        [
          -4.424724056134644e-05,
          -1.5209064185853851e-05,
          -1.6279745998396172e-05,
          -1.1050817105381028e-12,
          -3.2397782368573025e-05,
          30.14046483057383
        ]
      ],
      "k_voigt": 83.09,
      "g_voigt": 19.21,
      "C_11": 149.72,
      "C_21": 89.39,
      "C_22": 149.69,
      "C_31": 55.92,
      "C_32": 55.92,
      "C_33": 45.99,
      "C_41": -0.0,
      "C_42": 0.0,
      "C_43": -0.0,
      "C_44": 8.91,
      "C_51": 0.0,
      "C_52": 0.0,
      "C_53": 0.0,
      "C_54": -0.0,
      "C_55": 8.92,
      "C_61": -0.0,
      "C_62": -0.0,
      "C_63": -0.0,
      "C_64": -0.0,
      "C_65": -0.0,
      "C_66": 30.14
    },
    {
      "oqmd_id": "695020",
      "formula": "Al2Cu",